6641,	48,	57052,
7081,	48,	19224,	
10013,	24,	0,	731
10014,	2,	1c,	251
10015,	3,	1b,	257
10016,	1,	1,	45
10017,	1,	2,	47
10018,	3,	2b,	257
10019,	3,	3b,	257
10020,	1,	3,	53
10021,	3,	4b,	258
10022,	1,	4,	55
10023,	1,	5,	57
10024,	3,	5b,	258
10025,	3,	6b,	258
10026,	1,	6,	67
10027,	1,	7,	71
10028,	3,	7b,	258
10029,	1,	8,	75
10030,	3,	8b,	259
10031,	3,	9b,	259
10032,	1,	9,	77
10033,	1,	10,	79
10034,	3,	10b,	259
10035,	3,	11b,	259
10036,	1,	11,	81
10037,	1,	12,	83
10038,	1,	13,	85
10039,	1,	14,	90
10040,	1,	15,	92
10041,	1,	16,	100
10042,	1,	17,	113
10043,	1,	18,	115
10044,	1,	19,	117
10045,	1,	20,	119
10046,	1,	21,	121
10047,	13,	22a,	33
10048,	1,	22,	123
10049,	1,	23,	124
10050,	1,	24,	126
10051,	1,	25,	142
10052,	1,	26,	145
10053,	1,	27,	150
10054,	1,	28,	177
10055,	1,	29,	179
10056,	1,	30,	181
10057,	1,	31,	183
10058,	1,	32,	190
10059,	13,	33a,	34
10060,	1,	33,	192
10061,	1,	34,	193
10062,	1,	35,	195
10063,	1,	36,	197
10064,	13,	37a,	35
10065,	1,	37,	200
10066,	1,	38,	203
10067,	1,	39,	205
10068,	1,	40,	217
10069,	1,	41,	219
10070,	1,	42,	221
10071,	1,	43,	222
10072,	1,	44,	223
10073,	1,	45,	225
10074,	1,	46,	229
10075,	1,	47,	231
10076,	1,	48,	232
10077,	1,	49,	234
10078,	1,	50,	238
10079,	1,	51,	240
10080,	1,	52,	242
10081,	1,	53,	245
10082,	24,	53a,	751
10083,	4,	54,	27
10084,	4,	55,	28
10085,	4,	56,	30
10086,	4,	57,	33
10087,	4,	58,	35
10088,	4,	59,	37
10089,	4,	60,	40
10090,	4,	61,	41
10091,	4,	62,	42
10092,	4,	63,	45
10093,	4,	64,	48
10094,	4,	65,	50
10095,	4,	66,	52
10096,	4,	67,	53
10097,	4,	68,	54
10098,	4,	69,	55
10099,	4,	70,	57
10100,	4,	71,	65
10101,	4,	72,	66
10102,	4,	73,	67
10103,	4,	74,	70
10104,	4,	75,	76
10105,	4,	76,	79
10106,	4,	77,	81
10107,	4,	78,	82
10108,	4,	79,	83
10109,	4,	80,	86
10110,	4,	81,	88
10111,	4,	82,	90
10112,	4,	83,	93
10113,	4,	84,	98
10114,	4,	85,	100
10115,	4,	86,	101
10116,	4,	87,	102
10117,	4,	88,	103
10118,	4,	89,	107
10119,	4,	90,	109
10120,	4,	91,	111
10121,	4,	92,	113
10122,	4,	93,	115
10123,	4,	94,	118
10124,	4,	95,	119
10125,	4,	96,	120
10126,	4,	97,	122
10127,	4,	98,	123
10128,	4,	99,	125
10129,	4,	100,	126
10130,	4,	101,	127
10131,	4,	102,	129
10132,	4,	103,	134
10133,	4,	104,	135
10134,	4,	105,	137
10135,	4,	106,	138
10136,	4,	107,	148
10137,	13,	108a,	40
10138,	4,	108,	149
10139,	4,	109,	152
10140,	4,	110,	153
10141,	4,	111,	161
10142,	4,	112,	162
10143,	4,	113,	164
10144,	4,	114,	165
10145,	4,	115,	166
10146,	4,	116,	168
10147,	4,	117,	170
10148,	4,	118,	171
10149,	13,	119a,	41
10150,	4,	119,	173
10151,	4,	120,	174
10152,	4,	121,	176
10153,	4,	122,	177
10154,	4,	123,	179
10155,	4,	124,	181
10156,	4,	125,	186
10157,	4,	126,	188
10158,	4,	127,	190
10159,	4,	128,	191
10160,	4,	129,	232
10161,	4,	130,	234
10162,	4,	131,	236
10163,	4,	132,	236
10164,	4,	133,	238
10165,	4,	134,	239
10166,	4,	135,	240
10167,	4,	136,	241
10168,	4,	137,	243
10169,	4,	138,	244
10170,	4,	139,	245
10171,	4,	140,	246
10172,	4,	141,	248
10173,	4,	142,	249
10174,	4,	143,	251
10175,	4,	144,	252
10176,	4,	145,	253
10177,	4,	146,	255
10178,	4,	147,	256
10179,	4,	148,	258
10180,	4,	149,	258
10181,	4,	150,	260
10182,	4,	151,	261
10183,	4,	152,	262
10184,	4,	153,	264
10185,	4,	154,	270
10186,	4,	155,	272
10187,	4,	156,	274
10188,	4,	157,	276
10189,	4,	158,	277
10190,	4,	159,	279
10191,	4,	160,	281
10192,	4,	161,	282
10193,	4,	162,	284
10194,	4,	163,	285
10195,	4,	164,	286
10196,	4,	165,	288
10197,	4,	166,	292
10198,	5,	167,	25
10199,	5,	168,	26
10200,	5,	169,	27
10201,	5,	170,	29
10202,	5,	171,	31
10203,	5,	172,	33
10204,	5,	173,	34
10205,	5,	174,	36
10206,	5,	175,	38
10207,	5,	176,	39
10208,	5,	177,	46
10209,	5,	178,	48
10210,	5,	179,	49
10211,	5,	180,	51
10212,	5,	181,	52
10213,	5,	182,	53
10214,	5,	183,	54
10215,	5,	184,	56
10216,	5,	185,	57
10217,	5,	186,	59
10218,	5,	187,	61
10219,	5,	188,	62
10220,	5,	189,	64
10221,	5,	190,	67
10222,	5,	191,	69
10223,	5,	192,	71
10224,	5,	193,	74
10225,	5,	194,	75
10226,	5,	195,	76
10227,	5,	196,	78
10228,	5,	197,	78
10229,	5,	198,	80
10230,	5,	199,	83
10231,	5,	200,	87
10232,	5,	201,	90
10233,	5,	202,	92
10234,	5,	203,	93
10235,	5,	204,	95
10236,	5,	205,	96
10237,	5,	206,	98
10238,	5,	207,	100
10239,	5,	208,	102
10240,	5,	209,	104
10241,	5,	210,	105
10242,	5,	211,	106
10243,	5,	212,	108
10244,	5,	213,	109
10245,	5,	214,	112
10246,	5,	215,	113
10247,	5,	216,	114
10248,	5,	217,	115
10249,	5,	218,	117
10250,	5,	219,	119
10251,	5,	220,	121
10252,	5,	221,	123
10253,	5,	222,	124
10254,	5,	223,	125
10255,	5,	224,	126
10256,	5,	225,	128
10257,	5,	226,	129
10258,	5,	227,	131
10259,	5,	228,	132
10260,	5,	229,	133
10261,	5,	230,	135
10262,	5,	231,	137
10263,	5,	232,	138
10264,	5,	233,	140
10265,	5,	234,	141
10266,	5,	235,	142
10267,	5,	236,	143
10268,	5,	237,	144
10269,	5,	238,	145
10270,	5,	239,	148
10271,	5,	240,	150
10272,	5,	241,	152
10273,	5,	242,	153
10274,	5,	243,	155
10275,	5,	244,	156
10276,	5,	245,	157
10277,	5,	246,	159
10278,	5,	247,	161
10279,	5,	248,	162
10280,	5,	249,	163
10281,	5,	250,	165
10282,	5,	251,	166
10283,	5,	252,	167
10284,	5,	253,	169
10285,	5,	254,	171
10286,	5,	255,	173
10287,	5,	256,	177
10288,	5,	257,	180
10289,	5,	258,	181
10290,	5,	259,	183
10291,	5,	260,	184
10292,	5,	261,	185
10293,	5,	262,	186
10294,	5,	263,	187
10295,	5,	264,	189
10296,	5,	265,	191
10297,	5,	266,	191
10298,	5,	267,	196
10299,	5,	268,	198
10300,	5,	269,	199
10301,	5,	270,	200
10302,	5,	271,	202
10303,	5,	272,	204
10304,	5,	273,	206
10305,	5,	274,	207
10306,	5,	275,	209
10307,	5,	276,	210
10308,	5,	277,	211
10309,	5,	278,	213
10310,	5,	279,	219
10311,	5,	280,	220
10312,	5,	281,	222
10313,	5,	282,	223
10314,	5,	283,	224
10315,	5,	284,	227
10316,	5,	285,	228
10317,	5,	286,	230
10318,	5,	287,	231
10319,	5,	288,	232
10320,	5,	289,	235
10321,	5,	290,	236
10322,	5,	291,	237
10323,	5,	292,	240
10324,	5,	293,	242
10325,	5,	294,	245
10326,	5,	295,	247
10327,	5,	296,	248
10328,	5,	297,	250
10329,	5,	298,	251
10330,	5,	299,	252
10331,	5,	300,	253
10332,	5,	301,	255
10333,	5,	302,	260
10334,	5,	303,	261
10335,	5,	304,	263
10336,	5,	305,	264
10337,	5,	306,	266
10338,	5,	307,	270
10339,	5,	308,	272
10340,	5,	309,	274
10341,	5,	310,	277
10342,	5,	311,	278
10343,	6,	312,	31
10344,	6,	313,	33
10345,	6,	314,	40
10346,	6,	315,	41
10347,	6,	316,	42
10348,	6,	317,	43
10349,	6,	318,	48
10350,	6,	319,	50
10351,	6,	320,	52
10352,	6,	321,	53
10353,	6,	322,	57
10354,	6,	323,	58
10355,	6,	324,	61
10356,	6,	325,	62
10357,	6,	326,	63
10358,	13,	327a,	43
10359,	6,	327,	65
10360,	6,	328,	67
10361,	6,	329,	69
10362,	6,	330,	70
10363,	6,	331,	73
10364,	6,	332,	76
10365,	6,	333,	77
10366,	6,	334,	79
10367,	6,	335,	80
10368,	6,	336,	83
10369,	6,	337,	84
10370,	6,	338,	86
10371,	6,	339,	91
10372,	6,	340,	92
10373,	6,	341,	95
10374,	6,	342,	97
10375,	6,	343,	98
10376,	6,	344,	99
10377,	6,	345,	101
10378,	6,	346,	104
10379,	6,	347,	108
10380,	6,	348,	110
10381,	6,	349,	112
10382,	6,	350,	114
10383,	6,	351,	115
10384,	6,	352,	116
10385,	6,	353,	121
10386,	6,	354,	123
10387,	6,	355,	124
10388,	6,	356,	126
10389,	6,	357,	128
10390,	6,	358,	130
10391,	6,	359,	132
10392,	6,	360,	135
10393,	6,	361,	137
10394,	6,	362,	139
10395,	6,	363,	142
10396,	6,	364,	145
10397,	6,	365,	146
10398,	6,	366,	147
10399,	6,	367,	149
10400,	6,	368,	150
10401,	6,	369,	152
10402,	6,	370,	153
10403,	6,	371,	160
10404,	13,	372a,	45
10405,	6,	372,	169
10406,	6,	373,	170
10407,	6,	374,	172
10408,	6,	375,	174
10409,	6,	376,	177
10410,	13,	376a,	49
10411,	6,	377,	180
10412,	6,	378,	183
10413,	6,	379,	184
10414,	6,	380,	185
10415,	6,	381,	187
10416,	6,	382,	190
10417,	6,	383,	192
10418,	6,	384,	193
10419,	6,	385,	195
10420,	6,	386,	196
10421,	6,	387,	197
10422,	6,	388,	200
10423,	13,	388a,	50
10424,	6,	389,	203
10425,	6,	390,	204
10426,	6,	391,	206
10427,	6,	392,	207
10428,	6,	393,	208
10429,	6,	394,	210
10430,	6,	395,	212
10431,	6,	396,	214
10432,	6,	397,	215
10433,	6,	398,	218
10434,	6,	399,	219
10435,	6,	400,	220
10436,	6,	401,	222
10437,	6,	402,	223
10438,	6,	403,	226
10439,	6,	404,	227
10440,	6,	405,	229
10441,	6,	406,	232
10442,	6,	407,	234
10443,	6,	408,	239
10444,	6,	409,	241
10445,	6,	410,	242
10446,	6,	411,	244
10447,	6,	412,	246
10448,	6,	413,	247
10449,	6,	414,	249
10450,	6,	415,	251
10451,	6,	416,	252
10452,	6,	417,	253
10453,	6,	418,	255
10454,	6,	419,	256
10455,	6,	420,	269
10456,	6,	421,	270
10457,	6,	422,	271
10458,	6,	423,	273
10459,	6,	424,	275
10460,	6,	425,	282
10461,	6,	426,	283
10462,	6,	427,	285
10463,	6,	428,	290
10464,	6,	429,	291
10465,	6,	430,	292
10466,	6,	431,	297
10467,	6,	432,	300
10468,	6,	433,	301
10469,	6,	434,	303
10470,	6,	435,	306
10471,	6,	436,	310
10472,	6,	437,	313
10473,	6,	438,	315
10474,	6,	439,	317
10475,	6,	440,	319
10476,	6,	441,	321
10477,	6,	442,	323
10478,	6,	443,	325
10479,	6,	444,	328
10480,	6,	445,	329
10481,	6,	446,	330
10482,	6,	447,	333
10483,	6,	448,	334
10484,	6,	449,	336
10485,	6,	450,	337
10486,	6,	451,	339
10487,	6,	452,	340
10488,	6,	453,	343
10489,	6,	454,	347
10490,	6,	455,	349
10491,	6,	456,	351
10492,	6,	457,	353
10493,	6,	458,	355
10494,	6,	459,	357
10495,	6,	460,	359
10496,	6,	461,	365
10497,	6,	462,	368
10498,	6,	463,	369
10499,	6,	464,	373
10500,	6,	465,	375
10501,	6,	466,	377
10502,	6,	467,	382
10503,	6,	468,	383
10504,	6,	469,	387
10505,	13,	469a,	51
10506,	6,	470,	388
10507,	6,	471,	393
10508,	6,	472,	395
10509,	6,	473,	397
10510,	6,	474,	399
10511,	6,	475,	401
10512,	6,	476,	407
10513,	6,	477,	409
10514,	6,	478,	411
10515,	6,	479,	413
10516,	6,	480,	414
10517,	6,	481,	418
10518,	6,	482,	420
10519,	6,	483,	431
10520,	6,	484,	432
10521,	6,	485,	433
10522,	6,	486,	434
10523,	6,	487,	437
10524,	6,	488,	440
10525,	6,	489,	441
10526,	6,	490,	444
10527,	6,	491,	445
10528,	6,	492,	446
10529,	6,	493,	447
10530,	6,	494,	450
10531,	6,	495,	451
10532,	6,	496,	453
10533,	6,	497,	457
10534,	6,	498,	461
10535,	6,	499,	463
10536,	6,	500,	464
10537,	7,	501,	27
10538,	7,	502,	29
10539,	7,	503,	39
10540,	7,	504,	41
10541,	7,	505,	45
10542,	7,	506,	47
10543,	7,	507,	49
10544,	7,	508,	51
10545,	7,	509,	56
10546,	7,	510,	57
10547,	7,	511,	58
10548,	7,	512,	61
10549,	7,	513,	62
10550,	7,	514,	63
10551,	7,	515,	67
10552,	7,	516,	69
10553,	7,	517,	71
10554,	7,	518,	76
10555,	7,	519,	77
10556,	7,	520,	80
10557,	7,	521,	82
10558,	7,	522,	85
10559,	7,	523,	91
10560,	7,	524,	92
10561,	7,	525,	94
10562,	7,	526,	96
10563,	7,	527,	99
10564,	7,	528,	101
10565,	7,	529,	103
10566,	7,	530,	105
10567,	7,	531,	109
10568,	7,	532,	110
10569,	7,	533,	111
10570,	7,	534,	113
10571,	7,	535,	114
10572,	7,	536,	117
10573,	7,	537,	119
10574,	7,	538,	121
10575,	7,	539,	123
10576,	7,	540,	127
10577,	7,	541,	129
10578,	7,	542,	130
10579,	7,	543,	137
10580,	7,	544,	139
10581,	7,	545,	140
10582,	7,	546,	141
10583,	7,	547,	143
10584,	7,	548,	145
10585,	7,	549,	146
10586,	7,	550,	148
10587,	7,	551,	150
10588,	7,	552,	151
10589,	7,	553,	153
10590,	7,	554,	154
10591,	7,	555,	156
10592,	7,	556,	158
10593,	7,	557,	160
10594,	7,	558,	162
10595,	7,	559,	164
10596,	7,	560,	166
10597,	7,	561,	167
10598,	7,	562,	168
10599,	7,	563,	174
10600,	7,	564,	182
10601,	7,	565,	182
10602,	7,	566,	184
10603,	7,	567,	186
10604,	13,	567b,	54
10605,	13,	567a,	52
10606,	7,	568,	191
10607,	7,	569,	192
10608,	7,	570,	194
10609,	7,	571,	195
10610,	7,	572,	196
10611,	7,	573,	200
10612,	7,	574,	202
10613,	7,	575,	204
10614,	7,	576,	205
10615,	7,	577,	206
10616,	7,	578,	207
10617,	7,	579,	209
10618,	7,	580,	211
10619,	7,	581,	212
10620,	7,	582,	213
10621,	7,	583,	216
10622,	7,	584,	218
10623,	7,	585,	221
10624,	7,	586,	223
10625,	7,	587,	224
10626,	7,	588,	226
10627,	7,	589,	227
10628,	7,	590,	228
10629,	7,	591,	230
10630,	7,	592,	231
10631,	7,	593,	233
10632,	7,	594,	234
10633,	7,	595,	236
10634,	7,	596,	238
10635,	7,	597,	242
10636,	7,	598,	245
10637,	7,	599,	246
10638,	7,	600,	248
10639,	7,	601,	250
10640,	7,	602,	252
10641,	7,	603,	253
10642,	7,	604,	254
10643,	7,	605,	260
10644,	7,	606,	261
10645,	7,	607,	262
10646,	7,	608,	264
10647,	7,	609,	266
10648,	7,	610,	268
10649,	7,	611,	271
10650,	7,	612,	272
10651,	7,	613,	274
10652,	7,	614,	276
10653,	7,	615,	278
10654,	7,	616,	280
10655,	7,	617,	282
10656,	7,	618,	284
10657,	7,	619,	285
10658,	7,	620,	286
10659,	7,	621,	287
10660,	7,	622,	291
10661,	7,	623,	297
10662,	7,	624,	312
10663,	7,	625,	313
10664,	7,	626,	316
10665,	7,	627,	318
10666,	7,	628,	321
10667,	7,	629,	324
10668,	7,	630,	326
10669,	7,	631,	327
10670,	7,	632,	329
10671,	7,	633,	330
10672,	7,	634,	332
10673,	7,	635,	334
10674,	7,	636,	335
10675,	7,	637,	337
10676,	7,	638,	339
10677,	7,	639,	343
10678,	7,	640,	344
10679,	7,	641,	345
10680,	7,	642,	348
10681,	7,	643,	351
10682,	7,	644,	353
10683,	7,	645,	357
10684,	7,	646,	359
10685,	7,	647,	361
10686,	7,	648,	362
10687,	7,	649,	364
10688,	7,	650,	366
10689,	7,	651,	368
10690,	7,	652,	370
10691,	7,	653,	372
10692,	7,	654,	374
10693,	7,	655,	376
10694,	7,	656,	379
10695,	7,	657,	381
10696,	7,	658,	383
10697,	7,	659,	385
10698,	7,	660,	387
10699,	7,	661,	389
10700,	7,	662,	392
10701,	7,	663,	394
10702,	7,	664,	396
10703,	7,	665,	398
10704,	7,	666,	403
10705,	7,	667,	405
10706,	7,	668,	406
10707,	7,	669,	408
10708,	7,	670,	410
10709,	7,	671,	411
10710,	7,	672,	414
10711,	7,	673,	416
10712,	7,	674,	419
10713,	7,	675,	421
10714,	7,	676,	423
10715,	7,	677,	424
10716,	7,	678,	426
10717,	7,	679,	428
10718,	7,	680,	429
10719,	7,	681,	431
10720,	7,	682,	433
10721,	7,	683,	435
10722,	7,	684,	437
10723,	7,	685,	440
10724,	7,	686,	441
10725,	7,	687,	442
10726,	7,	688,	444
10727,	7,	689,	445
10728,	7,	690,	446
10729,	7,	691,	447
10730,	7,	692,	451
10731,	7,	693,	453
10732,	7,	694,	454
10733,	7,	695,	456
10734,	7,	696,	459
10735,	7,	697,	463
10736,	7,	698,	465
10737,	7,	699,	467
10738,	7,	700,	469
10739,	7,	701,	472
10740,	7,	702,	475
10741,	7,	703,	477
10742,	7,	704,	478
10743,	7,	705,	481
10744,	7,	706,	486
10745,	8,	707,	29
10746,	8,	708,	31
10747,	8,	709,	33
10748,	8,	710,	35
10749,	8,	711,	37
10750,	8,	712,	39
10751,	8,	713,	40
10752,	8,	714,	43
10753,	8,	715,	51
10754,	8,	716,	55
10755,	8,	717,	56
10756,	8,	718,	57
10757,	8,	719,	59
10758,	8,	720,	60
10759,	8,	721,	63
10760,	8,	722,	65
10761,	8,	723,	67
10762,	8,	724,	68
10763,	8,	725,	70
10764,	8,	726,	72
10765,	8,	727,	73
10766,	8,	728,	76
10767,	8,	729,	80
10768,	8,	730,	84
10769,	8,	731,	89
10770,	8,	732,	93
10771,	8,	733,	94
10772,	8,	734,	96
10773,	8,	735,	97
10774,	8,	736,	99
10775,	8,	737,	101
10776,	8,	738,	106
10777,	8,	739,	107
10778,	8,	740,	109
10779,	8,	741,	110
10780,	8,	742,	113
10781,	8,	743,	118
10782,	8,	744,	120
10783,	8,	745,	125
10784,	8,	746,	127
10785,	8,	747,	128
10786,	8,	748,	131
10787,	8,	749,	133
10788,	8,	750,	136
10789,	8,	751,	140
10790,	8,	752,	145
10791,	8,	753,	149
10792,	8,	754,	151
10793,	8,	755,	153
10794,	8,	756,	154
10795,	8,	757,	157
10796,	8,	758,	159
10797,	8,	759,	160
10798,	8,	760,	161
10799,	8,	761,	163
10800,	8,	762,	164
10801,	8,	763,	165
10802,	8,	764,	166
10803,	8,	765,	168
10804,	8,	766,	174
10805,	8,	767,	177
10806,	8,	768,	179
10807,	8,	769,	183
10808,	8,	770,	185
10809,	8,	771,	187
10810,	8,	772,	188
10811,	8,	773,	191
10812,	8,	774,	192
10813,	8,	775,	194
10814,	8,	776,	196
10815,	8,	777,	200
10816,	8,	778,	201
10817,	13,	779a,	57
10818,	8,	779,	202
10819,	8,	780,	204
10820,	8,	781,	205
10821,	8,	782,	207
10822,	8,	783,	209
10823,	8,	784,	211
10824,	8,	785,	212
10825,	8,	786,	215
10826,	8,	787,	216
10827,	8,	788,	218
10828,	8,	789,	219
10829,	8,	790,	221
10830,	8,	791,	223
10831,	8,	792,	225
10832,	8,	793,	227
10833,	8,	794,	231
10834,	8,	795,	235
10835,	8,	796,	236
10836,	8,	797,	237
10837,	8,	798,	239
10838,	8,	799,	241
10839,	8,	800,	243
10840,	8,	801,	244
10841,	8,	802,	247
10842,	8,	803,	248
10843,	8,	804,	249
10844,	8,	805,	251
10845,	8,	806,	254
10846,	8,	807,	257
10847,	8,	808,	261
10848,	8,	809,	264
10849,	8,	810,	265
10850,	8,	811,	267
10851,	8,	812,	269
10852,	8,	813,	273
10853,	8,	814,	274
10854,	8,	815,	275
10855,	8,	816,	278
10856,	8,	817,	281
10857,	8,	818,	282
10858,	8,	819,	284
10859,	8,	820,	286
10860,	8,	821,	287
10861,	8,	822,	290
10862,	8,	823,	291
10863,	8,	824,	292
10864,	8,	825,	294
10865,	8,	826,	296
10866,	8,	827,	297
10867,	8,	828,	299
10868,	8,	829,	300
10869,	8,	830,	302
10870,	8,	831,	303
10871,	8,	832,	304
10872,	8,	833,	308
10873,	8,	834,	309
10874,	8,	835,	311
10875,	8,	836,	313
10876,	8,	837,	315
10877,	8,	838,	316
10878,	8,	839,	318
10879,	8,	840,	320
10880,	8,	841,	322
10881,	8,	842,	326
10882,	8,	843,	328
10883,	8,	844,	330
10884,	8,	845,	331
10885,	8,	846,	332
10886,	8,	847,	334
10887,	8,	848,	337
10888,	8,	849,	339
10889,	8,	850,	341
10890,	8,	851,	342
10891,	8,	852,	344
10892,	8,	853,	346
10893,	8,	854,	347
10894,	8,	855,	349
10895,	13,	855a,	59
10896,	8,	856,	352
10897,	8,	857,	353
10898,	8,	858,	355
10899,	8,	859,	356
10900,	8,	860,	358
10901,	8,	861,	360
10902,	8,	862,	361
10903,	8,	863,	362
10904,	8,	864,	364
10905,	8,	865,	366
10906,	8,	866,	367
10907,	8,	867,	370
10908,	8,	868,	372
10909,	8,	869,	374
10910,	8,	870,	376
10911,	8,	871,	377
10912,	8,	872,	379
10913,	8,	873,	380
10914,	8,	874,	382
10915,	8,	875,	383
10916,	13,	876a,	61
10917,	8,	876,	386
10918,	8,	877,	389
10919,	8,	878,	391
10920,	8,	879,	394
10921,	8,	880,	398
10922,	8,	881,	400
10923,	8,	882,	402
10924,	8,	883,	404
10925,	8,	884,	406
10926,	8,	885,	407
10927,	8,	886,	409
10928,	8,	887,	410
10929,	8,	888,	411
10930,	13,	889a,	62
10931,	8,	889,	415
10932,	8,	890,	418
10933,	8,	891,	419
10934,	8,	892,	421
10935,	8,	893,	423
10936,	8,	894,	425
10937,	8,	895,	428
10938,	8,	896,	430
10939,	8,	897,	433
10940,	8,	898,	434
10941,	8,	899,	435
10942,	8,	900,	436
10943,	8,	901,	438
10944,	8,	902,	440
10945,	8,	903,	441
10946,	8,	904,	443
10947,	8,	905,	445
10948,	8,	906,	447
10949,	8,	907,	448
10950,	8,	908,	459
10951,	8,	909,	462
10952,	8,	910,	463
10953,	8,	911,	465
10954,	8,	912,	468
10955,	8,	913,	469
10956,	8,	914,	471
10957,	8,	915,	472
10958,	8,	916,	473
10959,	8,	917,	475
10960,	8,	918,	476
10961,	8,	919,	478
10962,	8,	920,	479
10963,	8,	921,	480
10964,	8,	922,	483
10965,	8,	923,	485
10966,	8,	924,	488
10967,	8,	925,	490
10968,	8,	926,	493
10969,	8,	927,	495
10970,	8,	928,	496
10971,	8,	929,	498
10972,	8,	930,	500
10973,	9,	931,	29
10974,	9,	932,	30
10975,	9,	933,	31
10976,	9,	934,	31
10977,	9,	935,	34
10978,	9,	936,	39
10979,	9,	937,	40
10980,	9,	938,	42
10981,	9,	939,	43
10982,	9,	940,	43
10983,	9,	941,	46
10984,	9,	942,	48
10985,	9,	943,	49
10986,	9,	944,	50
10987,	9,	945,	58
10988,	9,	946,	59
10989,	9,	947,	60
10990,	9,	948,	62
10991,	9,	949,	63
10992,	9,	950,	65
10993,	9,	951,	68
10994,	9,	952,	69
10995,	9,	953,	70
10996,	9,	954,	72
10997,	9,	955,	75
10998,	9,	956,	77
10999,	9,	957,	78
11000,	9,	958,	80
11001,	9,	959,	81
11002,	9,	960,	82
11003,	9,	961,	85
11004,	9,	962,	87
11005,	9,	963,	89
11006,	9,	964,	91
11007,	9,	965,	93
11008,	9,	966,	96
11009,	9,	967,	97
11010,	9,	968,	98
11011,	9,	969,	100
11012,	9,	970,	101
11013,	9,	971,	102
11014,	9,	972,	103
11015,	9,	973,	104
11016,	9,	974,	105
11017,	9,	975,	106
11018,	9,	976,	111
11019,	9,	977,	113
11020,	9,	978,	116
11021,	9,	979,	119
11022,	9,	980,	121
11023,	9,	981,	123
11024,	9,	982,	123
11025,	9,	983,	128
11026,	9,	984,	129
11027,	9,	985,	130
11028,	9,	986,	131
11029,	9,	987,	133
11030,	9,	988,	134
11031,	9,	989,	136
11032,	9,	990,	138
11033,	9,	991,	143
11034,	9,	992,	148
11035,	9,	993,	150
11036,	9,	994,	152
11037,	9,	995,	155
11038,	9,	996,	157
11039,	9,	997,	159
11040,	9,	998,	160
11041,	9,	999,	161
11042,	9,	1000,	163
11043,	9,	1001,	165
11044,	9,	1002,	167
11045,	9,	1003,	169
11046,	9,	1004,	170
11047,	9,	1005,	171
11048,	9,	1006,	172
11049,	9,	1007,	173
11050,	9,	1008,	174
11051,	9,	1009,	175
11052,	9,	1010,	176
11053,	9,	1011,	179
11054,	9,	1012,	180
11055,	9,	1013,	182
11056,	9,	1014,	183
11057,	9,	1015,	185
11058,	9,	1016,	186
11059,	9,	1017,	187
11060,	9,	1018,	188
11061,	9,	1019,	192
11062,	9,	1020,	194
11063,	9,	1021,	196
11064,	9,	1022,	197
11065,	9,	1023,	199
11066,	9,	1024,	200
11067,	9,	1025,	203
11068,	9,	1026,	205
11069,	9,	1027,	207
11070,	9,	1028,	209
11071,	9,	1029,	210
11072,	9,	1030,	212
11073,	9,	1031,	218
11074,	9,	1032,	220
11075,	9,	1033,	223
11076,	9,	1034,	225
11077,	9,	1035,	227
11078,	9,	1036,	227
11079,	9,	1037,	229
11080,	9,	1038,	231
11081,	9,	1039,	233
11082,	9,	1040,	234
11083,	9,	1041,	235
11084,	9,	1042,	236
11085,	9,	1043,	238
11086,	9,	1044,	241
11087,	13,	1044a,	63
11088,	9,	1045,	243
11089,	9,	1046,	251
11090,	9,	1047,	253
11091,	9,	1048,	254
11092,	9,	1049,	256
11093,	9,	1050,	256
11094,	9,	1051,	258
11095,	9,	1052,	260
11096,	9,	1053,	262
11097,	9,	1054,	280
11098,	9,	1055,	280
11099,	9,	1056,	283
11100,	9,	1057,	285
11101,	9,	1058,	286
11102,	9,	1059,	288
11103,	9,	1060,	289
11104,	9,	1061,	290
11105,	9,	1062,	291
11106,	9,	1063,	293
11107,	9,	1064,	295
11108,	9,	1065,	297
11109,	9,	1066,	300
11110,	9,	1067,	302
11111,	9,	1068,	302
11112,	9,	1069,	304
11113,	9,	1070,	304
11114,	9,	1071,	307
11115,	9,	1072,	309
11116,	9,	1073,	310
11117,	9,	1074,	317
11118,	9,	1075,	323
11119,	9,	1076,	324
11120,	9,	1077,	325
11121,	9,	1078,	327
11122,	9,	1079,	330
11123,	9,	1080,	331
11124,	9,	1081,	332
11125,	9,	1082,	337
11126,	9,	1083,	339
11127,	9,	1084,	341
11128,	9,	1085,	342
11129,	9,	1086,	343
11130,	10,	1087,	25
11131,	10,	1088,	27
11132,	10,	1089,	29
11133,	10,	1090,	31
11134,	10,	1091,	32
11135,	10,	1092,	34
11136,	10,	1093,	36
11137,	10,	1094,	38
11138,	10,	1095,	40
11139,	10,	1096,	42
11140,	10,	1097,	44
11141,	10,	1098,	46
11142,	10,	1099,	47
11143,	10,	1100,	49
11144,	10,	1101,	54
11145,	10,	1102,	56
11146,	10,	1103,	58
11147,	10,	1104,	58
11148,	10,	1105,	61
11149,	10,	1106,	94
11150,	10,	1107,	96
11151,	10,	1108,	100
11152,	10,	1109,	101
11153,	10,	1110,	103
11154,	10,	1111,	105
11155,	10,	1112,	108
11156,	10,	1113,	109
11157,	10,	1114,	110
11158,	10,	1115,	110
11159,	10,	1116,	111
11160,	10,	1117,	115
11161,	10,	1118,	116
11162,	10,	1119,	118
11163,	10,	1120,	119
11164,	10,	1121,	121
11165,	10,	1122,	123
11166,	10,	1123,	124
11167,	10,	1124,	126
11168,	10,	1125,	126
11169,	10,	1126,	129
11170,	10,	1127,	130
11171,	10,	1128,	132
11172,	10,	1129,	134
11173,	10,	1130,	136
11174,	10,	1131,	137
11175,	10,	1132,	139
11176,	10,	1133,	142
11177,	10,	1134,	143
11178,	10,	1135,	145
11179,	10,	1136,	146
11180,	10,	1137,	147
11181,	10,	1138,	150
11182,	10,	1139,	152
11183,	10,	1140,	153
11184,	10,	1141,	154
11185,	10,	1142,	156
11186,	10,	1143,	157
11187,	10,	1144,	159
11188,	10,	1145,	165
11189,	10,	1146,	169
11190,	10,	1147,	171
11191,	10,	1148,	172
11192,	10,	1149,	173
11193,	10,	1150,	176
11194,	10,	1151,	178
11195,	10,	1152,	179
11196,	10,	1153,	181
11197,	10,	1154,	184
11198,	10,	1155,	187
11199,	10,	1156,	190
11200,	10,	1157,	191
11201,	10,	1158,	192
11202,	10,	1159,	193
11203,	10,	1160,	193
11204,	10,	1161,	195
11205,	10,	1162,	197
11206,	10,	1163,	199
11207,	10,	1164,	203
11208,	10,	1165,	204
11209,	10,	1166,	205
11210,	10,	1167,	206
11211,	10,	1168,	208
11212,	10,	1169,	208
11213,	10,	1170,	211
11214,	10,	1171,	213
11215,	10,	1172,	214
11216,	10,	1173,	215
11217,	10,	1174,	217
11218,	10,	1175,	220
11219,	10,	1176,	221
11220,	10,	1177,	225
11221,	10,	1178,	227
11222,	10,	1179,	228
11223,	10,	1180,	229
11224,	10,	1181,	230
11225,	10,	1182,	232
11226,	10,	1183,	233
11227,	10,	1184,	238
11228,	10,	1185,	240
11229,	10,	1186,	241
11230,	10,	1187,	245
11231,	10,	1188,	248
11232,	10,	1189,	250
11233,	10,	1190,	252
11234,	10,	1191,	254
11235,	10,	1192,	256
11236,	10,	1193,	257
11237,	10,	1194,	258
11238,	10,	1195,	259
11239,	10,	1196,	261
11240,	10,	1197,	262
11241,	10,	1198,	264
11242,	10,	1199,	267
11243,	10,	1200,	269
11244,	10,	1201,	272
11245,	10,	1202,	278
11246,	10,	1203,	279
11247,	10,	1204,	281
11248,	10,	1205,	284
11249,	10,	1206,	286
11250,	10,	1207,	291
11251,	10,	1208,	292
11252,	10,	1209,	295
11253,	11,	1210,	27
11254,	11,	1211,	28
11255,	11,	1212,	29
11256,	11,	1213,	30
11257,	11,	1214,	31
11258,	11,	1215,	32
11259,	11,	1216,	34
11260,	11,	1217,	35
11261,	11,	1218,	40
11262,	11,	1219,	42
11263,	11,	1220,	43
11264,	11,	1221,	44
11265,	11,	1222,	48
11266,	11,	1223,	51
11267,	11,	1224,	54
11268,	11,	1225,	58
11269,	11,	1226,	59
11270,	11,	1227,	60
11271,	11,	1228,	62
11272,	11,	1229,	63
11273,	11,	1230,	64
11274,	11,	1231,	66
11275,	11,	1232,	67
11276,	11,	1233,	70
11277,	11,	1234,	73
11278,	11,	1235,	75
11279,	11,	1236,	77
11280,	11,	1237,	77
11281,	11,	1238,	79
11282,	11,	1239,	80
11283,	11,	1240,	81
11284,	11,	1241,	81
11285,	11,	1242,	82
11286,	11,	1243,	84
11287,	11,	1244,	86
11288,	11,	1245,	87
11289,	11,	1246,	89
11290,	11,	1247,	91
11291,	11,	1248,	93
11292,	11,	1249,	95
11293,	11,	1250,	98
11294,	11,	1251,	102
11295,	11,	1252,	102
11296,	11,	1253,	104
11297,	11,	1254,	106
11298,	11,	1255,	110
11299,	11,	1256,	111
11300,	11,	1257,	113
11301,	11,	1258,	116
11302,	11,	1259,	117
11303,	11,	1260,	118
11304,	11,	1261,	120
11305,	11,	1262,	123
11306,	11,	1263,	125
11307,	11,	1264,	127
11308,	11,	1265,	128
11309,	11,	1266,	131
11310,	11,	1267,	132
11311,	11,	1268,	134
11312,	11,	1269,	136
11313,	11,	1270,	137
11314,	11,	1271,	139
11315,	11,	1272,	142
11316,	11,	1273,	143
11317,	11,	1274,	145
11318,	11,	1275,	147
11319,	11,	1276,	148
11320,	11,	1277,	149
11321,	11,	1278,	152
11322,	11,	1279,	155
11323,	11,	1280,	155
11324,	11,	1281,	157
11325,	11,	1282,	161
11326,	11,	1283,	163
11327,	11,	1284,	170
11328,	11,	1285,	171
11329,	11,	1286,	174
11330,	11,	1287,	176
11331,	11,	1288,	176
11332,	11,	1289,	179
11333,	11,	1290,	180
11334,	11,	1291,	182
11335,	11,	1292,	184
11336,	11,	1293,	186
11337,	11,	1294,	187
11338,	11,	1295,	196
11339,	11,	1296,	197
11340,	11,	1297,	198
11341,	11,	1298,	199
11342,	11,	1299,	201
11343,	11,	1300,	202
11344,	11,	1301,	204
11345,	11,	1302,	204
11346,	11,	1303,	205
11347,	11,	1304,	205
11348,	11,	1305,	208
11349,	11,	1306,	210
11350,	11,	1307,	212
11351,	11,	1308,	213
11352,	11,	1309,	219
11353,	11,	1310,	220
11354,	11,	1311,	222
11355,	11,	1312,	224
11356,	11,	1313,	224
11357,	11,	1314,	226
11358,	11,	1315,	229
11359,	11,	1316,	232
11360,	11,	1317,	233
11361,	11,	1318,	235
11362,	11,	1319,	237
11363,	11,	1320,	238
11364,	11,	1321,	239
11365,	11,	1322,	241
11366,	11,	1323,	243
11367,	11,	1324,	243
11368,	11,	1325,	245
11369,	11,	1326,	246
11370,	11,	1327,	247
11371,	11,	1328,	248
11372,	11,	1329,	249
11373,	11,	1330,	251
11374,	11,	1331,	251
11375,	11,	1332,	253
11376,	11,	1333,	256
11377,	11,	1334,	258
11378,	11,	1335,	259
11379,	11,	1336,	260
11380,	11,	1337,	266
11381,	11,	1338,	269
11382,	11,	1339,	275
11383,	11,	1340,	277
11384,	11,	1341,	279
11385,	11,	1342,	280
11386,	12,	1343,	23
11387,	12,	1344,	24
11388,	12,	1345,	27
11389,	12,	1346,	29
11390,	12,	1347,	29
11391,	12,	1348,	31
11392,	12,	1349,	33
11393,	12,	1350,	35
11394,	12,	1351,	37
11395,	12,	1352,	39
11396,	12,	1353,	44
11397,	12,	1354,	45
11398,	12,	1355,	47
11399,	12,	1356,	50
11400,	12,	1357,	51
11401,	12,	1358,	51
11402,	12,	1359,	52
11403,	12,	1360,	53
11404,	12,	1361,	53
11405,	12,	1362,	54
11406,	12,	1363,	56
11407,	12,	1364,	59
11408,	12,	1365,	60
11409,	12,	1366,	61
11410,	12,	1367,	63
11411,	12,	1368,	64
11412,	12,	1369,	65
11413,	12,	1370,	67
11414,	12,	1371,	68
11415,	12,	1372,	68
11416,	12,	1373,	70
11417,	12,	1374,	71
11418,	12,	1375,	75
11419,	12,	1376,	76
11420,	12,	1377,	78
11421,	12,	1378,	80
11422,	12,	1379,	80
11423,	12,	1380,	83
11424,	12,	1381,	84
11425,	12,	1382,	87
11426,	12,	1383,	89
11427,	12,	1384,	92
11428,	12,	1385,	93
11429,	12,	1386,	96
11430,	12,	1387,	97
11431,	12,	1388,	100
11432,	12,	1389,	103
11433,	12,	1390,	105
11434,	12,	1391,	107
11435,	12,	1392,	108
11436,	12,	1393,	109
11437,	12,	1394,	110
11438,	12,	1395,	111
11439,	12,	1396,	113
11440,	12,	1397,	114
11441,	12,	1398,	116
11442,	12,	1399,	118
11443,	12,	1400,	120
11444,	12,	1401,	121
11445,	12,	1402,	121
11446,	12,	1403,	123
11447,	12,	1404,	124
11448,	12,	1405,	125
11449,	12,	1406,	127
11450,	12,	1407,	131
11451,	12,	1408,	133
11452,	12,	1409,	135
11453,	12,	1410,	137
11454,	12,	1411,	138
11455,	12,	1412,	140
11456,	12,	1413,	143
11457,	12,	1414,	148
11458,	12,	1415,	149
11459,	12,	1416,	151
11460,	12,	1417,	152
11461,	12,	1418,	155
11462,	12,	1419,	157
11463,	12,	1420,	159
11464,	12,	1421,	166
11465,	12,	1422,	167
11466,	12,	1423,	168
11467,	12,	1424,	170
11468,	12,	1425,	171
11469,	12,	1426,	174
11470,	12,	1427,	176
11471,	12,	1428,	178
11472,	12,	1429,	179
11473,	12,	1430,	180
11474,	12,	1431,	183
11475,	12,	1432,	184
11476,	12,	1433,	185
11477,	12,	1434,	186
11478,	12,	1435,	188
11479,	12,	1436,	191
11480,	12,	1437,	194
11481,	12,	1438,	196
11482,	12,	1439,	203
11483,	12,	1440,	206
11484,	12,	1441,	207
11485,	13,	1442,	19
11486,	13,	1443,	21
11487,	13,	1444,	21
11488,	13,	1445,	22
11489,	13,	1446,	24
11490,	13,	1447,	25
11491,	13,	1448,	26
11492,	13,	1449,	27
11493,	13,	1450,	28
11494,	14,	1451,	31
11495,	14,	1452,	31
11496,	14,	1453,	32
11497,	14,	1454,	34
11498,	14,	1455,	37
11499,	14,	1456,	38
11500,	14,	1457,	38
11501,	14,	1458,	39
11502,	14,	1459,	40
11503,	14,	1460,	40
11504,	14,	1461,	73
11505,	14,	1462,	74
11506,	14,	1463,	75
11507,	14,	1464,	76
11508,	14,	1465,	81
11509,	14,	1466,	81
11510,	14,	1467,	82
11511,	14,	1468,	82
11512,	14,	1469,	84
11513,	14,	1470,	86
11514,	14,	1471,	87
11515,	14,	1472,	88
11516,	14,	1473,	94
11517,	14,	1474,	96
11518,	14,	1475,	96
11519,	14,	1476,	99
11520,	14,	1477,	102
11521,	14,	1478,	104
11522,	14,	1479,	105
11523,	14,	1480,	106
11524,	14,	1481,	109
11525,	14,	1482,	110
11526,	14,	1483,	116
11527,	14,	1484,	117
11528,	14,	1485,	118
11529,	14,	1486,	119
11530,	14,	1487,	121
11531,	14,	1488,	123
11532,	14,	1489,	124
11533,	14,	1490,	124
11534,	14,	1491,	125
11535,	14,	1492,	125
11536,	14,	1493,	129
11537,	14,	1494,	131
11538,	14,	1495,	136
11539,	14,	1496,	137
11540,	14,	1497,	142
11541,	14,	1498,	148
11542,	14,	1499,	149
11543,	14,	1500,	151
11544,	14,	1501,	163
11545,	14,	1502,	164
11546,	14,	1503,	164
11547,	14,	1504,	165
11548,	14,	1505,	166
11549,	14,	1506,	167
11550,	14,	1507,	168
11551,	14,	1508,	170
11552,	14,	1509,	174
11553,	14,	1510,	175
11554,	14,	1511,	177
11555,	14,	1512,	178
11556,	14,	1513,	178
11557,	14,	1514,	181
11558,	14,	1515,	181
11559,	14,	1516,	183
11560,	14,	1517,	185
11561,	14,	1518,	187
11562,	14,	1519,	188
11563,	14,	1520,	188
11564,	14,	1521,	190
11565,	14,	1522,	190
11566,	14,	1523,	192
11567,	14,	1524,	200
11568,	14,	1525,	206
11569,	14,	1526,	207
11570,	14,	1527,	209
11571,	14,	1528,	210
11572,	14,	1529,	212
11573,	14,	1530,	212
11574,	14,	1531,	213
11575,	14,	1532,	216
11576,	14,	1533,	218
11577,	14,	1534,	219
11578,	14,	1535,	224
11579,	14,	1536,	225
11580,	14,	1537,	225
11581,	14,	1538,	228
11582,	14,	1539,	234
11583,	14,	1540,	236
11584,	14,	1541,	238
11585,	14,	1542,	238
11586,	14,	1543,	239
11587,	14,	1544,	241
11588,	14,	1545,	243
11589,	14,	1546,	243
11590,	14,	1547,	245
11591,	14,	1548,	245
11592,	14,	1549,	263
11593,	14,	1550,	265
11594,	14,	1551,	288
11595,	14,	1552,	290
11596,	14,	1553,	291
11597,	14,	1554,	291
11598,	14,	1555,	293
11599,	14,	1556,	295
11600,	14,	1557,	295
11601,	14,	1558,	298
11602,	14,	1559,	299
11603,	14,	1560,	300
11604,	14,	1561,	302
11605,	14,	1562,	304
11606,	14,	1563,	306
11607,	14,	1564,	308
11608,	14,	1565,	310
11609,	14,	1566,	311
11610,	14,	1567,	313
11611,	14,	1568,	315
11612,	14,	1569,	316
11613,	14,	1570,	321
11614,	14,	1571,	322
11615,	14,	1572,	325
11616,	14,	1573,	327
11617,	14,	1574,	328
11618,	14,	1575,	330
11619,	14,	1576,	333
11620,	14,	1577,	335
11621,	14,	1578,	336
11622,	14,	1579,	337
11623,	14,	1580,	341
11624,	14,	1581,	344
11625,	14,	1582,	345
11626,	14,	1583,	345
11627,	14,	1584,	347
11628,	14,	1585,	349
11629,	14,	1586,	350
11630,	14,	1587,	351
11631,	14,	1588,	351
11632,	14,	1589,	354
11633,	14,	1590,	356
11634,	14,	1591,	358
11635,	14,	1592,	360
11636,	14,	1593,	362
11637,	14,	1594,	363
11638,	15,	1595,	25
11639,	15,	1596,	27
11640,	15,	1597,	30
11641,	15,	1598,	31
11642,	15,	1599,	32
11643,	15,	1600,	33
11644,	15,	1601,	36
11645,	15,	1602,	38
11646,	15,	1603,	40
11647,	15,	1604,	41
11648,	15,	1605,	43
11649,	15,	1606,	43
11650,	15,	1607,	46
11651,	15,	1608,	48
11652,	15,	1609,	49
11653,	15,	1610,	50
11654,	15,	1611,	51
11655,	15,	1612,	51
11656,	15,	1613,	53
11657,	15,	1614,	58
11658,	15,	1615,	60
11659,	15,	1616,	61
11660,	15,	1617,	64
11661,	15,	1618,	65
11662,	15,	1619,	66
11663,	15,	1620,	69
11664,	15,	1621,	71
11665,	15,	1622,	72
11666,	15,	1623,	72
11667,	15,	1624,	74
11668,	15,	1625,	79
11669,	15,	1626,	81
11670,	15,	1627,	83
11671,	15,	1628,	84
11672,	15,	1629,	84
11673,	15,	1630,	85
11674,	15,	1631,	87
11675,	15,	1632,	89
11676,	15,	1633,	91
11677,	15,	1634,	92
11678,	15,	1635,	93
11679,	15,	1636,	94
11680,	15,	1637,	97
11681,	15,	1638,	99
11682,	15,	1639,	100
11683,	15,	1640,	104
11684,	15,	1641,	105
11685,	15,	1642,	109
11686,	15,	1643,	110
11687,	15,	1644,	116
11688,	15,	1645,	122
11689,	15,	1646,	123
11690,	15,	1647,	153
11691,	15,	1648,	153
11692,	15,	1649,	157
11693,	15,	1650,	161
11694,	15,	1651,	162
11695,	15,	1652,	163
11696,	15,	1653,	165
11697,	15,	1654,	165
11698,	15,	1655,	168
11699,	15,	1656,	171
11700,	15,	1657,	174
11701,	15,	1658,	176
11702,	15,	1659,	179
11703,	15,	1660,	179
11704,	15,	1661,	181
11705,	15,	1662,	182
11706,	15,	1663,	186
11707,	15,	1664,	187
11708,	15,	1665,	189
11709,	15,	1666,	191
11710,	15,	1667,	192
11711,	15,	1668,	194
11712,	15,	1669,	197
11713,	15,	1670,	199
11714,	15,	1671,	201
11715,	15,	1672,	203
11716,	24,	1673a,	759
11717,	15,	1673,	204
11718,	15,	1674,	207
11719,	15,	1675,	209
11720,	15,	1676,	212
11721,	15,	1677,	214
11722,	15,	1678,	215
11723,	15,	1679,	217
11724,	15,	1680,	218
11725,	15,	1681,	221
11726,	15,	1682,	226
11727,	15,	1683,	227
11728,	24,	1683a,	761
11729,	15,	1684,	229
11730,	15,	1685,	235
11731,	15,	1686,	239
11732,	15,	1687,	241
11733,	15,	1688,	242
11734,	15,	1689,	242
11735,	15,	1690,	243
11736,	15,	1691,	246
11737,	15,	1692,	247
11738,	15,	1693,	249
11739,	15,	1694,	252
11740,	15,	1695,	254
11741,	15,	1696,	256
11742,	15,	1697,	257
11743,	15,	1698,	259
11744,	15,	1699,	260
11745,	15,	1700,	264
11746,	15,	1701,	269
11747,	15,	1702,	271
11748,	15,	1703,	273
11749,	15,	1704,	276
11750,	15,	1705,	278
11751,	15,	1706,	279
11752,	15,	1707,	281
11753,	15,	1708,	283
11754,	16,	1709,	29
11755,	16,	1710,	34
11756,	16,	1711,	57
11757,	16,	1712,	61
11758,	16,	1713,	62
11759,	16,	1714,	63
11760,	16,	1715,	64
11761,	16,	1716,	67
11762,	16,	1717,	69
11763,	16,	1718,	70
11764,	16,	1719,	72
11765,	16,	1720,	74
11766,	16,	1721,	78
11767,	16,	1722,	82
11768,	16,	1723,	84
11769,	16,	1724,	89
11770,	16,	1725,	93
11771,	16,	1726,	95
11772,	16,	1727,	97
11773,	16,	1728,	100
11774,	16,	1729,	103
11775,	16,	1730,	106
11776,	16,	1731,	107
11777,	16,	1732,	111
11778,	16,	1733,	112
11779,	16,	1734,	114
11780,	16,	1735,	116
11781,	16,	1736,	119
11782,	16,	1737,	122
11783,	16,	1738,	123
11784,	16,	1739,	124
11785,	24,	1740a,	764
11786,	16,	1740,	125
11787,	16,	1741,	125
11788,	16,	1742,	128
11789,	16,	1743,	130
11790,	16,	1744,	131
11791,	16,	1745,	132
11792,	16,	1746,	137
11793,	16,	1747,	142
11794,	16,	1748,	145
11795,	16,	1749,	146
11796,	16,	1750,	147
11797,	16,	1751,	149
11798,	16,	1752,	152
11799,	16,	1753,	153
11800,	16,	1754,	154
11801,	16,	1755,	157
11802,	16,	1756,	158
11803,	16,	1757,	160
11804,	16,	1758,	161
11805,	16,	1759,	163
11806,	16,	1760,	165
11807,	16,	1761,	166
11808,	16,	1762,	167
11809,	16,	1763,	169
11810,	16,	1764,	170
11811,	16,	1765,	172
11812,	16,	1766,	175
11813,	16,	1767,	182
11814,	16,	1768,	184
11815,	16,	1769,	184
11816,	16,	1770,	186
11817,	16,	1771,	189
11818,	16,	1772,	190
11819,	16,	1773,	194
11820,	16,	1774,	196
11821,	16,	1775,	227
11822,	16,	1776,	230
11823,	16,	1777,	231
11824,	16,	1778,	233
11825,	16,	1779,	236
11826,	16,	1780,	236
11827,	16,	1781,	249
11828,	16,	1782,	251
11829,	16,	1783,	252
11830,	16,	1784,	253
11831,	16,	1785,	253
11832,	16,	1786,	257
11833,	16,	1787,	259
11834,	16,	1788,	261
11835,	16,	1789,	264
11836,	16,	1790,	267
11837,	16,	1791,	268
11838,	16,	1792,	270
11839,	16,	1793,	272
11840,	16,	1794,	273
11841,	16,	1795,	276
11842,	16,	1796,	277
11843,	16,	1797,	280
11844,	16,	1798,	284
11845,	16,	1799,	285
11846,	16,	1800,	285
11847,	16,	1801,	288
11848,	16,	1802,	290
11849,	16,	1803,	293
11850,	16,	1804,	298
11851,	16,	1805,	301
11852,	16,	1806,	303
11853,	16,	1807,	307
11854,	16,	1808,	310
11855,	16,	1809,	311
11856,	16,	1810,	314
11857,	16,	1811,	314
11858,	16,	1812,	317
11859,	16,	1813,	318
11860,	16,	1814,	319
11861,	16,	1815,	321
11862,	16,	1816,	322
11863,	16,	1817,	322
11864,	16,	1818,	323
11865,	16,	1819,	323
11866,	16,	1820,	324
11867,	16,	1821,	325
11868,	16,	1822,	328
11869,	16,	1823,	329
11870,	16,	1824,	330
11871,	16,	1825,	333
11872,	16,	1826,	338
11873,	16,	1827,	339
11874,	16,	1828,	343
11875,	16,	1829,	344
11876,	16,	1830,	351
11877,	16,	1831,	353
11878,	17,	1832,	51
11879,	17,	1833,	54
11880,	17,	1834,	54
11881,	17,	1835,	55
11882,	17,	1836,	57
11883,	17,	1837,	62
11884,	17,	1838,	64
11885,	17,	1839,	66
11886,	17,	1840,	69
11887,	17,	1841,	69
11888,	17,	1842,	81
11889,	17,	1843,	84
11890,	17,	1844,	87
11891,	17,	1845,	89
11892,	17,	1846,	93
11893,	17,	1847,	96
11894,	17,	1848,	98
11895,	17,	1849,	101
11896,	17,	1850,	101
11897,	17,	1851,	102
11898,	17,	1852,	103
11899,	17,	1853,	104
11900,	17,	1854,	106
11901,	17,	1855,	107
11902,	17,	1856,	108
11903,	17,	1857,	110
11904,	17,	1858,	113
11905,	17,	1859,	114
11906,	17,	1860,	116
11907,	17,	1861,	121
11908,	17,	1862,	122
11909,	17,	1863,	123
11910,	17,	1864,	124
11911,	17,	1865,	126
11912,	17,	1866,	127
11913,	17,	1867,	134
11914,	17,	1868,	134
11915,	17,	1869,	135
11916,	17,	1870,	136
11917,	17,	1871,	137
11918,	17,	1872,	138
11919,	17,	1873,	140
11920,	17,	1874,	142
11921,	17,	1875,	144
11922,	17,	1876,	146
11923,	17,	1877,	147
11924,	17,	1878,	150
11925,	17,	1879,	152
11926,	17,	1880,	155
11927,	17,	1881,	156
11928,	17,	1882,	159
11929,	17,	1883,	161
11930,	17,	1884,	171
11931,	17,	1885,	173
11932,	17,	1886,	176
11933,	17,	1887,	179
11934,	17,	1888,	182
11935,	17,	1889,	184
11936,	17,	1890,	186
11937,	17,	1891,	189
11938,	17,	1892,	192
11939,	17,	1893,	198
11940,	17,	1894,	199
11941,	17,	1895,	201
11942,	17,	1896,	207
11943,	17,	1897,	209
11944,	17,	1898,	209
11945,	17,	1899,	212
11946,	24,	1900a,	766
11947,	17,	1900,	214
11948,	17,	1901,	216
11949,	17,	1902,	217
11950,	17,	1903,	219
11951,	17,	1904,	220
11952,	17,	1905,	222
11953,	17,	1906,	223
11954,	17,	1907,	226
11955,	17,	1908,	231
11956,	17,	1909,	233
11957,	17,	1910,	233
11958,	17,	1911,	234
11959,	17,	1912,	236
11960,	17,	1913,	240
11961,	17,	1914,	240
11962,	17,	1915,	241
11963,	17,	1916,	242
11964,	17,	1917,	244
11965,	17,	1918,	248
11966,	17,	1919,	250
11967,	17,	1920,	253
11968,	17,	1921,	255
11969,	17,	1922,	260
11970,	17,	1923,	261
11971,	17,	1924,	263
11972,	17,	1925,	264
11973,	17,	1926,	266
11974,	17,	1927,	267
11975,	17,	1928,	269
11976,	17,	1929,	272
11977,	17,	1930,	276
11978,	17,	1931,	276
11979,	17,	1932,	277
11980,	17,	1933,	281
11981,	17,	1934,	284
11982,	17,	1935,	295
11983,	17,	1936,	297
11984,	17,	1937,	299
11985,	17,	1938,	301
11986,	17,	1939,	303
11987,	17,	1940,	304
11988,	17,	1941,	305
11989,	17,	1942,	307
11990,	17,	1943,	309
11991,	17,	1944,	311
11992,	17,	1945,	311
11993,	17,	1946,	314
11994,	17,	1947,	316
11995,	17,	1948,	319
11996,	17,	1949,	320
11997,	17,	1950,	323
11998,	17,	1951,	324
11999,	17,	1952,	326
12000,	17,	1953,	330
12001,	17,	1954,	332
12002,	17,	1955,	334
12003,	17,	1956,	334
12004,	17,	1957,	338
12005,	17,	1958,	338
12006,	17,	1959,	340
12007,	17,	1960,	342
12008,	17,	1961,	343
12009,	17,	1962,	346
12010,	17,	1963,	348
12011,	17,	1964,	351
12012,	17,	1965,	352
12013,	17,	1966,	353
12014,	17,	1967,	354
12015,	17,	1968,	355
12016,	17,	1969,	358
12017,	17,	1970,	361
12018,	17,	1971,	363
12019,	17,	1972,	368
12020,	17,	1973,	375
12021,	17,	1974,	376
12022,	17,	1975,	378
12023,	17,	1976,	379
12024,	17,	1977,	383
12025,	17,	1978,	384
12026,	17,	1979,	386
12027,	17,	1980,	388
12028,	17,	1981,	393
12029,	17,	1982,	394
12030,	17,	1983,	395
12031,	17,	1984,	395
12032,	17,	1985,	401
12033,	17,	1986,	402
12034,	17,	1987,	404
12035,	17,	1988,	405
12036,	17,	1989,	408
12037,	17,	1990,	410
12038,	17,	1991,	415
12039,	17,	1992,	418
12040,	17,	1993,	420
12041,	17,	1994,	422
12042,	17,	1995,	424
12043,	17,	1996,	425
12044,	17,	1997,	426
12045,	17,	1998,	426
12046,	17,	1999,	428
12047,	17,	2000,	431
12048,	17,	2001,	433
12049,	17,	2002,	435
12050,	17,	2003,	438
12051,	17,	2004,	439
12052,	17,	2005,	441
12053,	17,	2006,	442
12054,	17,	2007,	449
12055,	17,	2008,	454
12056,	17,	2009,	457
12057,	17,	2010,	457
12058,	17,	2011,	463
12059,	17,	2012,	463
12060,	17,	2013,	467
12061,	17,	2014,	468
12062,	17,	2015,	469
12063,	17,	2016,	470
12064,	17,	2017,	473
12065,	17,	2018,	475
12066,	17,	2019,	477
12067,	17,	2020,	477
12068,	17,	2021,	483
12069,	17,	2022,	486
12070,	17,	2023,	487
12071,	17,	2024,	488
12072,	17,	2025,	490
12073,	17,	2026,	496
12074,	17,	2027,	498
12075,	17,	2028,	501
12076,	17,	2029,	507
12077,	17,	2030,	509
12078,	17,	2031,	514
12079,	17,	2032,	518
12080,	17,	2033,	519
12081,	17,	2034,	546
12082,	17,	2035,	548
12083,	17,	2036,	549
12084,	17,	2037,	551
12085,	17,	2038,	554
12086,	17,	2039,	557
12087,	17,	2040,	559
12088,	17,	2041,	561
12089,	17,	2042,	566
12090,	17,	2043,	566
12091,	17,	2044,	568
12092,	17,	2045,	572
12093,	17,	2046,	575
12094,	17,	2047,	579
12095,	17,	2048,	584
12096,	17,	2049,	585
12097,	17,	2050,	587
12098,	17,	2051,	589
12099,	17,	2052,	592
12100,	17,	2053,	593
12101,	17,	2054,	594
12102,	17,	2055,	602
12103,	17,	2056,	606
12104,	17,	2057,	608
12105,	17,	2058,	613
12106,	18,	2059,	63
12107,	18,	2060,	64
12108,	18,	2061,	65
12109,	18,	2062,	68
12110,	18,	2063,	71
12111,	18,	2064,	74
12112,	18,	2065,	79
12113,	18,	2066,	84
12114,	18,	2067,	84
12115,	18,	2068,	87
12116,	18,	2069,	88
12117,	18,	2070,	93
12118,	18,	2071,	96
12119,	18,	2072,	102
12120,	18,	2073,	104
12121,	18,	2074,	105
12122,	18,	2075,	106
12123,	18,	2076,	108
12124,	18,	2077,	110
12125,	18,	2078,	111
12126,	18,	2079,	116
12127,	18,	2080,	119
12128,	18,	2081,	121
12129,	18,	2082,	124
12130,	18,	2083,	127
12131,	18,	2084,	129
12132,	18,	2085,	131
12133,	18,	2086,	134
12134,	18,	2087,	136
12135,	18,	2088,	137
12136,	18,	2089,	139
12137,	18,	2090,	140
12138,	18,	2091,	142
12139,	18,	2092,	144
12140,	18,	2093,	146
12141,	18,	2094,	146
12142,	18,	2095,	150
12143,	18,	2096,	155
12144,	18,	2097,	157
12145,	18,	2098,	163
12146,	18,	2099,	165
12147,	18,	2100,	166
12148,	18,	2101,	170
12149,	18,	2102,	172
12150,	18,	2103,	173
12151,	18,	2104,	177
12152,	18,	2105,	178
12153,	18,	2106,	179
12154,	18,	2107,	180
12155,	18,	2108,	182
12156,	18,	2109,	185
12157,	18,	2110,	187
12158,	18,	2111,	190
12159,	18,	2112,	192
12160,	18,	2113,	194
12161,	18,	2114,	197
12162,	18,	2115,	199
12163,	18,	2116,	200
12164,	18,	2117,	201
12165,	18,	2118,	205
12166,	18,	2119,	208
12167,	18,	2120,	211
12168,	18,	2121,	217
12169,	18,	2122,	223
12170,	18,	2123,	224
12171,	18,	2124,	227
12172,	18,	2125,	228
12173,	18,	2126,	230
12174,	18,	2127,	232
12175,	18,	2128,	234
12176,	18,	2129,	236
12177,	18,	2130,	239
12178,	18,	2131,	242
12179,	18,	2132,	249
12180,	18,	2133,	252
12181,	18,	2134,	255
12182,	18,	2135,	260
12183,	18,	2136,	261
12184,	18,	2137,	262
12185,	18,	2138,	263
12186,	18,	2139,	265
12187,	18,	2140,	269
12188,	18,	2141,	272
12189,	18,	2142,	275
12190,	18,	2143,	278
12191,	18,	2144,	280
12192,	18,	2145,	282
12193,	18,	2146,	285
12194,	18,	2147,	287
12195,	18,	2148,	289
12196,	18,	2149,	290
12197,	18,	2150,	294
12198,	18,	2151,	298
12199,	18,	2152,	300
12200,	18,	2153,	302
12201,	18,	2154,	309
12202,	18,	2155,	310
12203,	18,	2156,	311
12204,	18,	2157,	314
12205,	18,	2158,	316
12206,	18,	2159,	323
12207,	18,	2160,	324
12208,	18,	2161,	326
12209,	18,	2162,	327
12210,	18,	2163,	332
12211,	18,	2164,	333
12212,	18,	2165,	336
12213,	18,	2166,	338
12214,	18,	2167,	341
12215,	18,	2168,	343
12216,	18,	2169,	344
12217,	18,	2170,	346
12218,	18,	2171,	348
12219,	18,	2172,	349
12220,	18,	2173,	350
12221,	18,	2174,	353
12222,	18,	2175,	354
12223,	18,	2176,	356
12224,	18,	2177,	358
12225,	18,	2178,	359
12226,	18,	2179,	361
12227,	18,	2180,	361
12228,	18,	2181,	363
12229,	18,	2182,	363
12230,	18,	2183,	367
12231,	18,	2184,	370
12232,	18,	2185,	371
12233,	18,	2186,	375
12234,	18,	2187,	377
12235,	18,	2188,	379
12236,	18,	2189,	381
12237,	18,	2190,	382
12238,	18,	2191,	387
12239,	18,	2192,	390
12240,	18,	2193,	391
12241,	18,	2194,	393
12242,	18,	2195,	398
12243,	18,	2196,	401
12244,	18,	2197,	407
12245,	18,	2198,	407
12246,	18,	2199,	408
12247,	18,	2200,	410
12248,	18,	2201,	412
12249,	18,	2202,	413
12250,	18,	2203,	416
12251,	18,	2204,	421
12252,	18,	2205,	423
12253,	18,	2206,	424
12254,	18,	2207,	425
12255,	18,	2208,	427
12256,	18,	2209,	428
12257,	18,	2210,	431
12258,	18,	2211,	431
12259,	18,	2212,	435
12260,	18,	2213,	437
12261,	18,	2214,	443
12262,	18,	2215,	448
12263,	18,	2216,	452
12264,	18,	2217,	455
12265,	18,	2218,	458
12266,	18,	2219,	463
12267,	18,	2220,	464
12268,	18,	2221,	466
12269,	18,	2222,	467
12270,	18,	2223,	470
12271,	18,	2224,	474
12272,	18,	2225,	478
12273,	18,	2226,	481
12274,	18,	2227,	482
12275,	18,	2228,	488
12276,	18,	2229,	492
12277,	18,	2230,	494
12278,	18,	2231,	496
12279,	18,	2232,	500
12280,	18,	2233,	505
12281,	18,	2234,	505
12282,	18,	2235,	508
12283,	18,	2236,	512
12284,	18,	2237,	515
12285,	18,	2238,	517
12286,	18,	2239,	518
12287,	18,	2240,	522
12288,	18,	2241,	524
12289,	18,	2242,	525
12290,	18,	2243,	526
12291,	18,	2244,	528
12292,	18,	2245,	529
12293,	18,	2246,	531
12294,	18,	2247,	535
12295,	18,	2248,	535
12296,	18,	2249,	538
12297,	18,	2250,	542
12298,	18,	2251,	546
12299,	18,	2252,	547
12300,	18,	2253,	551
12301,	18,	2254,	554
12302,	18,	2255,	559
12303,	18,	2256,	561
12304,	18,	2257,	563
12305,	18,	2258,	565
12306,	18,	2259,	566
12307,	18,	2260,	570
12308,	18,	2261,	572
12309,	18,	2262,	575
12310,	18,	2263,	577
12311,	18,	2264,	582
12312,	18,	2265,	587
12313,	18,	2266,	590
12314,	18,	2267,	591
12315,	18,	2268,	592
12316,	18,	2269,	593
12317,	18,	2270,	595
12318,	18,	2271,	598
12319,	18,	2272,	600
12320,	18,	2273,	603
12321,	18,	2274,	607
12322,	18,	2275,	609
12323,	18,	2276,	611
12324,	18,	2277,	615
12325,	18,	2278,	616
12326,	18,	2279,	619
12327,	18,	2280,	620
12328,	18,	2281,	621
12329,	18,	2282,	623
12330,	18,	2283,	624
12331,	18,	2284,	631
12332,	18,	2285,	633
12333,	18,	2286,	639
12334,	18,	2287,	641
12335,	18,	2288,	644
12336,	18,	2289,	646
12337,	18,	2290,	649
12338,	18,	2291,	652
12339,	18,	2292,	653
12340,	18,	2293,	654
12341,	18,	2294,	656
12342,	18,	2295,	657
12343,	18,	2296,	658
12344,	18,	2297,	660
12345,	18,	2298,	664
12346,	18,	2299,	666
12347,	18,	2300,	668
12348,	18,	2301,	671
12349,	18,	2302,	675
12350,	18,	2303,	677
12351,	18,	2304,	678
12352,	18,	2305,	680
12353,	18,	2306,	684
12354,	18,	2307,	685
12355,	18,	2308,	686
12356,	18,	2309,	688
12357,	18,	2310,	691
12358,	18,	2311,	696
12359,	18,	2312,	696
12360,	18,	2313,	697
12361,	18,	2314,	703
12362,	18,	2315,	706
12363,	18,	2316,	707
12364,	18,	2317,	708
12365,	19,	2318,	61
12366,	19,	2319,	63
12367,	19,	2320,	67
12368,	19,	2321,	73
12369,	19,	2322,	74
12370,	19,	2323,	76
12371,	19,	2324,	78
12372,	19,	2325,	80
12373,	19,	2326,	80
12374,	19,	2327,	81
12375,	19,	2328,	86
12376,	19,	2329,	90
12377,	19,	2330,	94
12378,	19,	2331,	96
12379,	19,	2332,	98
12380,	19,	2333,	101
12381,	19,	2334,	106
12382,	19,	2335,	108
12383,	19,	2336,	111
12384,	19,	2337,	114
12385,	19,	2338,	116
12386,	19,	2339,	117
12387,	19,	2340,	120
12388,	19,	2341,	121
12389,	19,	2342,	124
12390,	19,	2343,	130
12391,	19,	2344,	130
12392,	19,	2345,	132
12393,	19,	2346,	134
12394,	19,	2347,	136
12395,	19,	2348,	138
12396,	19,	2349,	141
12397,	19,	2350,	143
12398,	19,	2351,	145
12399,	19,	2352,	154
12400,	19,	2353,	154
12401,	19,	2354,	155
12402,	19,	2355,	158
12403,	19,	2356,	160
12404,	19,	2357,	161
12405,	19,	2358,	163
12406,	19,	2359,	165
12407,	19,	2360,	167
12408,	19,	2361,	171
12409,	19,	2362,	175
12410,	19,	2363,	179
12411,	19,	2364,	184
12412,	19,	2365,	186
12413,	19,	2366,	188
12414,	19,	2367,	189
12415,	19,	2368,	194
12416,	19,	2369,	197
12417,	19,	2370,	200
12418,	19,	2371,	202
12419,	19,	2372,	205
12420,	19,	2373,	206
12421,	19,	2374,	207
12422,	19,	2375,	207
12423,	19,	2376,	211
12424,	19,	2377,	216
12425,	19,	2378,	218
12426,	19,	2379,	222
12427,	19,	2380,	225
12428,	19,	2381,	226
12429,	19,	2382,	228
12430,	19,	2383,	230
12431,	19,	2384,	232
12432,	19,	2385,	238
12433,	19,	2386,	241
12434,	19,	2387,	244
12435,	19,	2388,	247
12436,	19,	2389,	249
12437,	19,	2390,	255
12438,	19,	2391,	258
12439,	19,	2392,	260
12440,	19,	2393,	262
12441,	19,	2394,	263
12442,	19,	2395,	265
12443,	19,	2396,	268
12444,	19,	2397,	269
12445,	19,	2398,	271
12446,	19,	2399,	273
12447,	19,	2400,	276
12448,	19,	2401,	277
12449,	19,	2402,	288
12450,	19,	2403,	289
12451,	19,	2404,	293
12452,	19,	2405,	294
12453,	19,	2406,	302
12454,	19,	2407,	310
12455,	19,	2408,	313
12456,	19,	2409,	314
12457,	19,	2410,	317
12458,	19,	2411,	320
12459,	19,	2412,	322
12460,	19,	2413,	324
12461,	19,	2414,	330
12462,	19,	2415,	331
12463,	19,	2416,	337
12464,	19,	2417,	338
12465,	19,	2418,	339
12466,	19,	2419,	344
12467,	19,	2420,	345
12468,	19,	2421,	348
12469,	19,	2422,	350
12470,	19,	2423,	353
12471,	19,	2424,	354
12472,	19,	2425,	359
12473,	19,	2426,	362
12474,	19,	2427,	364
12475,	19,	2428,	365
12476,	19,	2429,	369
12477,	19,	2430,	372
12478,	19,	2431,	374
12479,	19,	2432,	377
12480,	19,	2433,	378
12481,	19,	2434,	381
12482,	19,	2435,	381
12483,	19,	2436,	383
12484,	19,	2437,	383
12485,	19,	2438,	388
12486,	19,	2439,	390
12487,	19,	2440,	391
12488,	19,	2441,	394
12489,	19,	2442,	397
12490,	19,	2443,	398
12491,	19,	2444,	403
12492,	19,	2445,	405
12493,	19,	2446,	406
12494,	19,	2447,	409
12495,	19,	2448,	410
12496,	19,	2449,	410
12497,	19,	2450,	412
12498,	19,	2451,	415
12499,	20,	2452,	61
12500,	20,	2453,	65
12501,	20,	2454,	71
12502,	20,	2455,	74
12503,	20,	2456,	77
12504,	20,	2457,	80
12505,	20,	2458,	81
12506,	20,	2459,	83
12507,	20,	2460,	88
12508,	20,	2461,	89
12509,	20,	2462,	90
12510,	20,	2463,	92
12511,	20,	2464,	95
12512,	20,	2465,	98
12513,	20,	2466,	99
12514,	20,	2467,	101
12515,	20,	2468,	103
12516,	20,	2469,	105
12517,	20,	2470,	108
12518,	20,	2471,	110
12519,	20,	2472,	113
12520,	20,	2473,	115
12521,	20,	2474,	118
12522,	20,	2475,	119
12523,	20,	2476,	121
12524,	20,	2477,	123
12525,	20,	2478,	123
12526,	20,	2479,	128
12527,	20,	2480,	129
12528,	20,	2481,	133
12529,	20,	2482,	135
12530,	20,	2483,	137
12531,	20,	2484,	140
12532,	20,	2485,	142
12533,	20,	2486,	147
12534,	20,	2487,	150
12535,	20,	2488,	151
12536,	20,	2489,	152
12537,	20,	2490,	159
12538,	20,	2491,	160
12539,	20,	2492,	165
12540,	20,	2493,	167
12541,	20,	2494,	170
12542,	20,	2495,	175
12543,	20,	2496,	177
12544,	20,	2497,	183
12545,	20,	2498,	185
12546,	20,	2499,	195
12547,	20,	2500,	197
12548,	20,	2501,	199
12549,	20,	2502,	202
12550,	20,	2503,	202
12551,	20,	2504,	207
12552,	20,	2505,	209
12553,	20,	2506,	214
12554,	20,	2507,	216
12555,	20,	2508,	218
12556,	20,	2509,	220
12557,	20,	2510,	224
12558,	20,	2511,	225
12559,	20,	2512,	233
12560,	20,	2513,	236
12561,	20,	2514,	239
12562,	20,	2515,	246
12563,	20,	2516,	247
12564,	20,	2517,	250
12565,	20,	2518,	251
12566,	20,	2519,	258
12567,	20,	2520,	261
12568,	20,	2521,	262
12569,	20,	2522,	263
12570,	20,	2523,	265
12571,	20,	2524,	269
12572,	20,	2525,	274
12573,	20,	2526,	279
12574,	20,	2527,	281
12575,	20,	2528,	287
12576,	20,	2529,	288
12577,	20,	2530,	292
12578,	20,	2531,	294
12579,	20,	2532,	302
12580,	20,	2533,	303
12581,	20,	2534,	306
12582,	20,	2535,	312
12583,	20,	2536,	314
12584,	20,	2537,	315
12585,	20,	2538,	317
12586,	20,	2539,	323
12587,	20,	2540,	324
12588,	20,	2541,	327
12589,	20,	2542,	330
12590,	20,	2543,	332
12591,	20,	2544,	333
12592,	20,	2545,	334
12593,	20,	2546,	335
12594,	20,	2547,	339
12595,	20,	2548,	340
12596,	20,	2549,	349
12597,	20,	2550,	352
12598,	20,	2551,	354
12599,	20,	2552,	358
12600,	20,	2553,	359
12601,	20,	2554,	360
12602,	20,	2555,	362
12603,	20,	2556,	364
12604,	20,	2557,	366
12605,	20,	2558,	368
12606,	20,	2559,	374
12607,	20,	2560,	374
12608,	20,	2561,	382
12609,	20,	2562,	388
12610,	20,	2563,	392
12611,	20,	2564,	396
12612,	20,	2565,	399
12613,	20,	2566,	402
12614,	20,	2567,	403
12615,	20,	2568,	405
12616,	20,	2569,	408
12617,	20,	2570,	409
12618,	20,	2571,	410
12619,	20,	2572,	411
12620,	20,	2573,	416
12621,	20,	2574,	418
12622,	20,	2575,	422
12623,	20,	2576,	424
12624,	20,	2577,	432
12625,	20,	2578,	440
12626,	20,	2579,	442
12627,	20,	2580,	445
12628,	20,	2581,	448
12629,	20,	2582,	455
12630,	20,	2583,	456
12631,	20,	2584,	458
12632,	20,	2585,	465
12633,	20,	2586,	470
12634,	20,	2587,	471
12635,	20,	2588,	473
12636,	20,	2589,	476
12637,	20,	2590,	478
12638,	20,	2591,	480
12639,	20,	2592,	481
12640,	20,	2593,	483
12641,	20,	2594,	484
12642,	20,	2595,	488
12643,	20,	2596,	490
12644,	20,	2597,	498
12645,	20,	2598,	502
12646,	20,	2599,	506
12647,	20,	2600,	508
12648,	20,	2601,	512
12649,	20,	2602,	514
12650,	20,	2603,	522
12651,	21,	2604,	59
12652,	21,	2605,	61
12653,	21,	2606,	63
12654,	21,	2607,	70
12655,	21,	2608,	74
12656,	21,	2609,	76
12657,	21,	2610,	78
12658,	21,	2611,	84
12659,	21,	2612,	85
12660,	21,	2613,	98
12661,	21,	2614,	103
12662,	21,	2615,	106
12663,	21,	2616,	109
12664,	21,	2617,	115
12665,	21,	2618,	116
12666,	21,	2619,	118
12667,	21,	2620,	121
12668,	21,	2621,	123
12669,	21,	2622,	124
12670,	21,	2623,	126
12671,	21,	2624,	128
12672,	21,	2625,	131
12673,	21,	2626,	134
12674,	21,	2627,	140
12675,	21,	2628,	142
12676,	21,	2629,	145
12677,	21,	2630,	147
12678,	21,	2631,	149
12679,	21,	2632,	156
12680,	21,	2633,	157
12681,	21,	2634,	158
12682,	21,	2635,	159
12683,	21,	2636,	162
12684,	21,	2637,	163
12685,	21,	2638,	164
12686,	21,	2639,	166
12687,	21,	2640,	170
12688,	21,	2641,	174
12689,	21,	2642,	179
12690,	21,	2643,	181
12691,	21,	2644,	184
12692,	21,	2645,	188
12693,	21,	2646,	190
12694,	21,	2647,	192
12695,	21,	2648,	194
12696,	21,	2649,	198
12697,	21,	2650,	201
12698,	21,	2651,	203
12699,	21,	2652,	205
12700,	21,	2653,	208
12701,	21,	2654,	213
12702,	21,	2655,	215
12703,	21,	2656,	218
12704,	21,	2657,	218
12705,	21,	2658,	219
12706,	21,	2659,	224
12707,	21,	2660,	230
12708,	21,	2661,	233
12709,	21,	2662,	234
12710,	21,	2663,	237
12711,	21,	2664,	249
12712,	21,	2665,	251
12713,	21,	2666,	251
12714,	21,	2667,	256
12715,	21,	2668,	259
12716,	21,	2669,	260
12717,	21,	2670,	260
12718,	21,	2671,	263
12719,	21,	2672,	267
12720,	21,	2673,	269
12721,	21,	2674,	272
12722,	21,	2675,	273
12723,	21,	2676,	275
12724,	21,	2677,	277
12725,	21,	2678,	287
12726,	21,	2679,	288
12727,	21,	2680,	289
12728,	21,	2681,	291
12729,	21,	2682,	293
12730,	21,	2683,	296
12731,	21,	2684,	297
12732,	21,	2685,	303
12733,	21,	2686,	310
12734,	21,	2687,	312
12735,	21,	2688,	317
12736,	21,	2689,	318
12737,	21,	2690,	322
12738,	21,	2691,	325
12739,	21,	2692,	328
12740,	21,	2693,	329
12741,	21,	2694,	333
12742,	21,	2695,	334
12743,	21,	2696,	337
12744,	21,	2697,	340
12745,	21,	2698,	344
12746,	21,	2699,	351
12747,	21,	2700,	352
12748,	21,	2701,	354
12749,	21,	2702,	366
12750,	21,	2703,	369
12751,	21,	2704,	370
12752,	21,	2705,	373
12753,	21,	2706,	374
12754,	21,	2707,	377
12755,	21,	2708,	379
12756,	21,	2709,	382
12757,	21,	2710,	385
12758,	21,	2711,	393
12759,	21,	2712,	394
12760,	21,	2713,	397
12761,	21,	2714,	400
12762,	21,	2715,	401
12763,	21,	2716,	404
12764,	21,	2717,	409
12765,	21,	2718,	411
12766,	21,	2719,	412
12767,	21,	2720,	415
12768,	21,	2721,	419
12769,	21,	2722,	422
12770,	21,	2723,	428
12771,	21,	2724,	436
12772,	24,	2724a,	767
12773,	21,	2725,	439
12774,	21,	2726,	443
12775,	21,	2727,	447
12776,	21,	2728,	450
12777,	21,	2729,	451
12778,	21,	2730,	454
12779,	24,	2731a,	771
12780,	21,	2731,	456
12781,	21,	2732,	464
12782,	21,	2733,	467
12783,	22,	2734,	71
12784,	22,	2735,	73
12785,	22,	2736,	75
12786,	22,	2737,	76
12787,	22,	2738,	77
12788,	22,	2739,	79
12789,	22,	2740,	83
12790,	22,	2741,	86
12791,	22,	2742,	88
12792,	22,	2743,	89
12793,	22,	2744,	94
12794,	22,	2745,	101
12795,	22,	2746,	104
12796,	22,	2747,	110
12797,	22,	2748,	114
12798,	22,	2749,	116
12799,	22,	2750,	117
12800,	22,	2751,	118
12801,	22,	2752,	122
12802,	22,	2753,	124
12803,	22,	2754,	128
12804,	22,	2755,	132
12805,	22,	2756,	134
12806,	22,	2757,	138
12807,	22,	2758,	145
12808,	22,	2759,	147
12809,	22,	2760,	153
12810,	22,	2761,	156
12811,	22,	2762,	160
12812,	22,	2763,	167
12813,	22,	2764,	171
12814,	22,	2765,	175
12815,	22,	2766,	176
12816,	22,	2767,	178
12817,	22,	2768,	184
12818,	22,	2769,	187
12819,	22,	2770,	190
12820,	22,	2771,	191
12821,	22,	2772,	197
12822,	22,	2773,	198
12823,	22,	2774,	202
12824,	22,	2775,	205
12825,	22,	2776,	209
12826,	22,	2777,	212
12827,	22,	2778,	214
12828,	22,	2779,	217
12829,	22,	2780,	220
12830,	22,	2781,	221
12831,	22,	2782,	222
12832,	22,	2783,	225
12833,	22,	2784,	226
12834,	22,	2785,	227
12835,	22,	2786,	231
12836,	22,	2787,	237
12837,	22,	2788,	242
12838,	22,	2789,	244
12839,	22,	2790,	245
12840,	22,	2791,	249
12841,	22,	2792,	256
12842,	22,	2793,	259
12843,	22,	2794,	260
12844,	22,	2795,	262
12845,	22,	2796,	263
12846,	22,	2797,	264
12847,	22,	2798,	268
12848,	22,	2799,	270
12849,	22,	2800,	272
12850,	22,	2801,	278
12851,	22,	2802,	281
12852,	22,	2803,	283
12853,	22,	2804,	286
12854,	22,	2805,	288
12855,	22,	2806,	291
12856,	22,	2807,	294
12857,	22,	2808,	296
12858,	22,	2809,	298
12859,	22,	2810,	299
12860,	22,	2811,	303
12861,	22,	2812,	305
12862,	22,	2813,	312
12863,	22,	2814,	315
12864,	22,	2815,	316
12865,	22,	2816,	319
12866,	22,	2817,	324
12867,	22,	2818,	325
12868,	22,	2819,	327
12869,	22,	2820,	331
12870,	22,	2821,	336
12871,	22,	2822,	345
12872,	22,	2823,	349
12873,	22,	2824,	351
12874,	22,	2825,	356
12875,	22,	2826,	363
12876,	22,	2827,	366
12877,	22,	2828,	370
12878,	22,	2829,	371
12879,	22,	2830,	375
12880,	22,	2831,	376
12881,	22,	2832,	377
12882,	22,	2833,	379
12883,	22,	2834,	381
12884,	22,	2835,	382
12885,	22,	2836,	385
12886,	22,	2837,	387
12887,	22,	2838,	389
12888,	22,	2839,	391
12889,	22,	2840,	392
12890,	22,	2841,	394
12891,	22,	2842,	405
12892,	22,	2843,	411
12893,	22,	2844,	412
12894,	22,	2845,	415
12895,	22,	2846,	417
12896,	22,	2847,	417
12897,	22,	2848,	420
12898,	22,	2849,	423
12899,	22,	2850,	426
12900,	22,	2851,	428
12901,	22,	2852,	430
12902,	22,	2853,	432
12903,	22,	2854,	437
12904,	22,	2855,	437
12905,	22,	2856,	439
12906,	22,	2857,	440
12907,	22,	2858,	441
12908,	22,	2859,	445
12909,	22,	2860,	447
12910,	22,	2861,	448
12911,	22,	2862,	449
12912,	22,	2863,	455
12913,	22,	2864,	457
12914,	22,	2865,	458
12915,	22,	2866,	460
12916,	22,	2867,	462
12917,	22,	2868,	464
12918,	22,	2869,	464
12919,	22,	2870,	466
12920,	23,	2871,	109
12921,	23,	2872,	109
12922,	23,	2873,	113
12923,	23,	2874,	115
12924,	23,	2875,	117
12925,	23,	2876,	119
12926,	23,	2877,	122
12927,	23,	2878,	125
12928,	23,	2879,	126
12929,	23,	2880,	129
12930,	23,	2881,	132
12931,	23,	2882,	136
12932,	23,	2883,	138
12933,	23,	2884,	140
12934,	23,	2885,	148
12935,	23,	2886,	150
12936,	23,	2887,	156
12937,	23,	2888,	160
12938,	23,	2889,	163
12939,	23,	2890,	164
12940,	23,	2891,	166
12941,	23,	2892,	170
12942,	23,	2893,	171
12943,	23,	2894,	173
12944,	23,	2895,	182
12945,	23,	2896,	183
12946,	23,	2897,	186
12947,	23,	2898,	190
12948,	23,	2899,	192
12949,	23,	2900,	195
12950,	23,	2901,	196
12951,	23,	2902,	198
12952,	23,	2903,	199
12953,	23,	2904,	201
12954,	23,	2905,	202
12955,	23,	2906,	203
12956,	23,	2907,	204
12957,	23,	2908,	205
12958,	23,	2909,	208
12959,	23,	2910,	210
12960,	23,	2911,	212
12961,	23,	2912,	216
12962,	23,	2913,	218
12963,	23,	2914,	220
12964,	23,	2915,	221
12965,	23,	2916,	223
12966,	23,	2917,	226
12967,	23,	2918,	227
12968,	23,	2919,	230
12969,	23,	2920,	231
12970,	23,	2921,	234
12971,	23,	2922,	235
12972,	23,	2923,	236
12973,	23,	2924,	238
12974,	23,	2925,	243
12975,	23,	2926,	244
12976,	23,	2927,	246
12977,	23,	2928,	247
12978,	23,	2929,	250
12979,	23,	2930,	252
12980,	23,	2931,	254
12981,	23,	2932,	255
12982,	23,	2933,	257
12983,	23,	2934,	258
12984,	23,	2935,	261
12985,	23,	2936,	267
12986,	23,	2937,	268
12987,	23,	2938,	271
12988,	23,	2939,	275
12989,	23,	2940,	278
12990,	23,	2941,	283
12991,	23,	2942,	288
12992,	23,	2943,	290
12993,	23,	2944,	292
12994,	23,	2945,	293
12995,	23,	2946,	296
12996,	23,	2947,	298
12997,	23,	2948,	299
12998,	23,	2949,	303
12999,	23,	2950,	305
13000,	23,	2951,	307
13001,	23,	2952,	308
13002,	23,	2953,	311
13003,	23,	2954,	315
13004,	23,	2955,	317
13005,	23,	2956,	320
13006,	23,	2957,	321
13007,	23,	2958,	322
13008,	23,	2959,	324
13009,	23,	2960,	328
13010,	23,	2961,	331
13011,	23,	2962,	333
13012,	23,	2963,	337
13013,	23,	2964,	339
13014,	23,	2965,	341
13015,	23,	2966,	343
13016,	23,	2967,	345
13017,	23,	2968,	350
13018,	23,	2969,	353
13019,	23,	2970,	356
13020,	23,	2971,	365
13021,	23,	2972,	368
13022,	23,	2973,	372
13023,	23,	2974,	374
13024,	23,	2975,	376
13025,	23,	2976,	378
13026,	23,	2977,	379
13027,	23,	2978,	382
13028,	23,	2979,	390
13029,	23,	2980,	393
13030,	23,	2981,	397
13031,	23,	2982,	400
13032,	23,	2983,	401
13033,	23,	2984,	402
13034,	23,	2985,	407
13035,	23,	2986,	410
13036,	23,	2987,	411
13037,	23,	2988,	415
13038,	23,	2989,	417
13039,	23,	2990,	418
13040,	23,	2991,	420
13041,	23,	2992,	421
13042,	23,	2993,	422
13043,	23,	2994,	423
13044,	23,	2995,	425
13045,	23,	2996,	428
13046,	23,	2997,	431
13047,	23,	2998,	434
13048,	23,	2999,	435
13049,	23,	3000,	436
13050,	23,	3001,	439
13051,	23,	3002,	442
13052,	23,	3003,	445
13053,	23,	3004,	448
13054,	23,	3005,	452
13055,	23,	3006,	462
13056,	23,	3007,	464
13057,	23,	3008,	468
13058,	23,	3009,	469
13059,	23,	3010,	471
13060,	23,	3011,	473
13061,	23,	3012,	474
13062,	23,	3013,	475
13063,	23,	3014,	476
13064,	23,	3015,	478
13065,	23,	3016,	480
13066,	23,	3017,	481
13067,	23,	3018,	486
13068,	23,	3019,	487
13069,	23,	3020,	488
13070,	23,	3021,	492
13071,	23,	3022,	499
13072,	23,	3023,	501
13073,	23,	3024,	505
13074,	23,	3025,	507
13075,	23,	3026,	509
13076,	23,	3027,	511
13077,	23,	3028,	513
13078,	23,	3029,	514
13079,	23,	3030,	516
13080,	23,	3031,	520
13081,	23,	3032,	526
13082,	23,	3033,	527
13083,	23,	3034,	528
13084,	23,	3035,	529
13085,	23,	3036,	533
13086,	23,	3037,	535
13087,	23,	3038,	538
13088,	23,	3039,	540
13089,	23,	3040,	554
13090,	23,	3041,	561
13091,	23,	3042,	563
13092,	23,	3043,	564
13093,	23,	3044,	566
13094,	23,	3045,	567
13095,	23,	3046,	569
13096,	23,	3047,	572
13097,	23,	3048,	573
13098,	23,	3049,	575
13099,	23,	3050,	576
13100,	23,	3051,	577
13101,	23,	3052,	579
13102,	23,	3053,	581
13103,	23,	3054,	584
13104,	23,	3055,	586
13105,	23,	3056,	590
13106,	23,	3057,	596
13107,	23,	3058,	599
13108,	23,	3059,	602
13109,	23,	3060,	607
13110,	23,	3061,	612
13111,	23,	3062,	617
13112,	23,	3063,	624
13113,	23,	3064,	625
13114,	23,	3065,	626
13115,	23,	3066,	634
13116,	23,	3067,	639
13117,	23,	3068,	640
13118,	23,	3069,	640
13119,	23,	3070,	643
13120,	23,	3071,	646
13121,	23,	3072,	650
13122,	23,	3073,	651
13123,	23,	3074,	655
13124,	23,	3075,	657
13125,	23,	3076,	660
13126,	23,	3077,	664
13127,	23,	3078,	665
13128,	23,	3079,	667
13129,	23,	3080,	670
13130,	23,	3081,	671
13131,	23,	3082,	675
13132,	23,	3083,	678
13133,	23,	3084,	679
13134,	23,	3085,	681
13135,	23,	3086,	683
13136,	23,	3087,	685
13137,	23,	3088,	687
13138,	23,	3089,	692
13139,	23,	3090,	694
13140,	23,	3091,	698
13141,	23,	3092,	699
13142,	23,	3093,	704
13143,	23,	3094,	706
13144,	23,	3095,	710
13145,	23,	3096,	712
13146,	23,	3097,	715
13147,	23,	3098,	717
13148,	23,	3099,	718
13149,	23,	3100,	723
13150,	23,	3101,	727
13151,	24,	389,	752
13152,	24,	1628,	756
13153,	24,	893,	755